location,price_per_sqft,rating,description,rating_category
"Malad East",22284.15,4.0,"A well-developed residential hub with shopping malls, schools, and healthcare facilities. Offers great connectivity via Western Express Highway and Metro.",Excellent
"Ambernath West",5011.49,3.5,"A growing suburban area with affordable housing options and decent connectivity to Mumbai via rail. Ideal for budget-conscious families.",Good
"Borivali West",21648.60,4.2,"A peaceful locality with lush greenery, Sanjay Gandhi National Park, top schools, and good rail connectivity. Popular among families.",Excellent
"Andheri East",22534.59,4.1,"A business and residential hub with excellent connectivity via metro, rail, and roads. Close to IT parks and commercial centers.",Excellent
"Ambernath East",5089.71,3.5,"A developing locality with affordable housing, decent infrastructure, and railway connectivity to Mumbai.",Good
Kalamboli,9116.05,3.8,"An emerging residential and commercial hub in Navi Mumbai, close to industrial areas and with growing amenities.",Good
Diva,5344.08,3.2,"A budget-friendly locality with developing infrastructure and rail connectivity, but limited urban amenities.",Good
Dahisar,19089.89,4.0,"A well-connected suburb with good schools, hospitals, and easy access to the Western Express Highway and metro services.",Excellent
"Santacruz East",24861.08,4.0,"A mix of residential and commercial spaces, close to the airport, business hubs, and offering good road connectivity.",Excellent
Palghar,3841.03,3.0,"An affordable and rapidly developing locality with industrial growth, though limited urban infrastructure.",Good
"Thane West",14050.50,4.3,"A prime residential and commercial location with excellent connectivity, top educational institutes, malls, and a vibrant lifestyle.",Excellent
"Borivali East",22345.81,4.1,"A family-friendly area known for its proximity to Sanjay Gandhi National Park, good schools, and well-connected transport options.",Excellent
Airoli,13076.31,4.0,"A growing IT and residential hub in Navi Mumbai with good infrastructure, excellent connectivity, and a peaceful environment.",Excellent
Virar,6024.94,3.5,"An affordable locality with growing residential projects, beach access, and railway connectivity to Mumbai.",Good
"Thane East",18851.03,4.0,"A well-developed locality with top schools, healthcare facilities, and strong connectivity via rail and road.",Excellent
"Kandivali East",22355.23,4.0,"A well-connected suburb with reputed schools, shopping complexes, and easy access to Western Express Highway.",Excellent
Panvel,9251.23,3.8,"A fast-developing area with upcoming infrastructure projects like Navi Mumbai Airport. Well-connected via highways and rail.",Good
"Kandivali West",22129.89,4.1,"A vibrant residential area with great schools, markets, malls, and easy connectivity to commercial hubs.",Excellent
Khopoli,5172.47,3.2,"A peaceful area near Lonavala with affordable housing and industrial growth but limited urban facilities.",Good
Taloja,5883.86,3.5,"An industrial and residential area in Navi Mumbai with good connectivity to business hubs but still developing amenities.",Good
"Kalyan West",7472.69,3.7,"A well-established suburb with good schools, hospitals, and rail connectivity to Mumbai, attracting families and professionals.",Good
"Malad West",21752.21,4.2,"A well-developed locality with excellent social infrastructure, shopping malls, and proximity to business hubs.",Excellent
Kharghar,9304.06,4.0,"A planned township with excellent educational institutions, green spaces, and top-tier infrastructure.",Excellent
"Kalyan East",7069.72,3.5,"A developing locality with affordable housing and improving infrastructure, well connected by railway.",Good
"Goregaon West",21044.24,4.1,"A prime residential and commercial area with top schools, malls, and metro connectivity. Popular among professionals.",Excellent
Umroli,2400.00,3.0,"A budget-friendly locality with growing residential projects but limited urban infrastructure.",Good
"Goregaon East",23542.75,4.0,"A commercial and residential hub with IT parks, malls, and excellent connectivity to key business districts.",Excellent
Ulwe,7491.47,3.8,"A rapidly developing area in Navi Mumbai with upcoming infrastructure projects like the Navi Mumbai Airport.",Good
Titwala,6009.87,3.2,"A peaceful area with affordable housing and a famous temple, but limited commercial facilities.",Good
Rasayani,7188.95,3.0,"An emerging industrial and residential hub with affordable housing but limited connectivity.",Good
"Badlapur West",5173.48,3.5,"A growing residential area with affordable housing and rail connectivity but developing social infrastructure.",Good
Dronagiri,8786.34,3.2,"A developing region in Navi Mumbai with upcoming infrastructure and affordable real estate.",Good
Chembur,21097.97,4.2,"A centrally located residential and commercial hub with great connectivity, top schools, and malls.",Excellent
Kamothe,10129.99,3.8,"A well-planned area in Navi Mumbai with affordable housing, schools, and good rail connectivity.",Good
"Jogeshwari West",20233.77,4.0,"A well-developed area with a mix of residential and commercial spaces, excellent connectivity via metro and rail.",Excellent
Vangani,9442.68,3.0,"A serene locality with affordable housing but limited urban facilities. Good for nature lovers.",Good
Shahapur,5898.09,3.0,"A peaceful town with green surroundings, popular for weekend homes but limited infrastructure.",Good
"Mulund West",22605.19,4.2,"A well-established residential area with good schools, hospitals, and a vibrant lifestyle. Known as the â€˜Prince of Suburbsâ€™.",Excellent
Karjat,4235.31,3.2,"A scenic and peaceful locality known for nature retreats, with developing infrastructure.",Good
"Badlapur East",6285.79,3.5,"A growing residential hub with affordable housing and rail connectivity to Mumbai.",Good
Bhiwandi,5559.08,3.0,"An industrial and logistics hub with affordable housing but lacks proper infrastructure.",Good
"Andheri West",24907.94,4.3,"A prime locality with luxury housing, business centers, and excellent metro connectivity.",Excellent
Kurla,11426.95,3.5,"A centrally located area with affordable housing and growing commercial development.",Good
Vichumbe,5283.35,3.2,"A developing residential area with affordable properties, but limited facilities.",Good
Kewale,4670.16,3.0,"A small locality with developing residential projects, suitable for budget buyers.",Good
"Koper Khairane",16460.78,3.8,"A well-connected area in Navi Mumbai with IT hubs and good social infrastructure.",Good
Nerul,12311.33,4.0,"A premium locality in Navi Mumbai with top educational institutes and excellent connectivity.",Excellent
"Virar East",5317.54,3.5,"A budget-friendly locality with increasing residential developments and rail access.",Good
"Ganga Nagar",3551.02,3.0,"An emerging locality with affordable housing but underdeveloped infrastructure.",Good
"Nala Sopara",5007.16,3.2,"A rapidly growing suburban area with budget housing and railway connectivity.",Good
Vashi,25913.20,4.2,"A well-planned locality with malls, corporate offices, and superior connectivity.",Excellent
"Goregaon Karjat Road",23780.50,3.0,"A growing region with good road connectivity and affordable land parcels.",Good
"Jogeshwari East",15716.07,4.0,"A well-connected area with residential and commercial spaces, near business hubs.",Excellent
Powai,21192.23,4.3,"A premium locality with high-end apartments, IT hubs, and lakeside views.",Excellent
Seawoods,13449.04,4.0,"An upscale residential area with top schools, malls, and metro connectivity.",Excellent
"Greater Khanda",9302.33,3.5,"A developing area in Navi Mumbai with growing infrastructure and housing projects.",Good
Girgaon,26506.05,4.2,"A historic locality in South Mumbai with good amenities and connectivity.",Excellent
"Vasai West",7503.50,3.5,"A budget-friendly suburban area with increasing residential and commercial growth.",Good
Vasai,5628.83,3.5,"An affordable locality with strong rail connectivity but limited infrastructure.",Good
"Bandra West",30708.60,4.5,"A posh locality known for luxury living, celebrity homes, and vibrant nightlife.",Marvelous
Neral,3739.93,3.2,"A peaceful locality close to Matheran, suitable for second homes and nature lovers.",Good
"Mira Road East",9120.42,3.8,"A popular residential area with good schools, hospitals, and connectivity.",Good
Mahim,37464.53,4.2,"A centrally located area with heritage charm and excellent transport facilities.",Excellent
Pisarve,4400.00,3.0,"A developing locality with affordable housing but limited infrastructure.",Good
Kalwa,8120.63,3.5,"An industrial and residential area with strong connectivity to Thane and Mumbai.",Good
"Virar West",5855.36,3.5,"An affordable residential area with beaches, railway access, and growing amenities.",Good
"Ghatkopar West",18300.50,4.0,"A well-developed area with metro connectivity, malls, and top schools.",Excellent
Haranwali,3152.90,3.0,"A developing locality with limited infrastructure but potential for growth.",Good
"Usarghar Gaon",5934.34,3.0,"An affordable locality with open spaces but developing urban facilities.",Good
"Mulund East",8838.38,4.0,"A well-planned residential area with great connectivity and quality lifestyle.",Excellent
Owale,12000.00,3.2,"A growing locality with budget housing and decent connectivity to Thane.",Good
Navade,5285.71,3.2,"An industrial and residential area in Navi Mumbai with good road access.",Good
"Hendre Pada",4057.80,3.0,"A developing residential zone with open spaces but few urban facilities.",Good
Ambivali,7062.15,3.2,"A budget-friendly locality with limited but improving infrastructure.",Good
"Diva Gaon",3884.18,3.0,"An emerging locality with affordable housing but fewer urban facilities.",Good
"Khar West",41585.10,4.5,"A premium locality known for luxury living, shopping, and connectivity.",Marvelous
"Bhandup East",19736.80,3.8,"A developing residential area with affordable housing and growing facilities.",Good
Sanpada,12211.61,4.0,"A well-connected locality in Navi Mumbai with top schools and malls.",Excellent
"Dadar West",18864.39,4.5,"A prime location with great connectivity, markets, and cultural heritage.",Marvelous
Saphale,3051.72,3.0,"A quiet town with affordable land but limited urban infrastructure.",Good
Khar,33701.34,4.5,"An upscale area with excellent social infrastructure and vibrant lifestyle.",Marvelous
"Santacruz West",42208.50,4.5,"A high-end locality with posh apartments, markets, and good connectivity.",Marvelous
Wada,5818.54,3.0,"A peaceful town with affordable properties, suitable for weekend homes.",Good
"Nalasopara West",5238.76,3.2,"An affordable area with growing infrastructure but limited amenities.",Good
"Dadar East",34221.50,4.5,"A centrally located area with great transport links and commercial spaces.",Marvelous
Vevoor,4328.57,3.0,"A developing residential area with improving amenities.",Good
"Kumbharkhan Pada",5180.68,3.0,"A budget locality with limited urban infrastructure.",Good
Kanjurmarg,19883.61,3.8,"A growing area with residential projects and metro connectivity.",Good
Belapur,6882.04,3.8,"An important commercial and residential hub in Navi Mumbai with good facilities.",Good
"Kurla East",15067.73,3.5,"A centrally located area with improving infrastructure and affordable housing.",Good
Worli,45178.78,4.6,"A luxurious area with high-end apartments, sea-facing views, and business hubs.",Marvelous
Taloje,6987.24,3.5,"An industrial and residential hub in Navi Mumbai with improving infrastructure.",Good
"Dombivli (West)",5587.65,3.7,"A thriving residential area with well-developed markets and strong transport links.",Good
Dundare,3907.22,3.2,"A developing locality with budget housing but limited amenities.",Good
"Pale Bk.",4953.27,3.0,"A small, developing area with affordable housing options.",Good
"Dharamveer Nagar",12105.30,3.5,"A residential area with basic amenities and decent connectivity.",Good
"Juna Palghar",3472.22,3.2,"A growing locality near Palghar with affordable housing.",Good
"New Balaji Nagar",3483.87,3.0,"A developing residential area with limited urban infrastructure.",Good
Navapada,4627.78,3.0,"A budget-friendly area with growing infrastructure.",Good
"Hiranandani Estates",12782.74,4.5,"A premium residential complex in Thane with world-class amenities.",Marvelous
"Juinagar West",11666.70,3.8,"A well-connected locality in Navi Mumbai with good social infrastructure.",Good
Parel,39266.65,4.3,"A prime locality in South Mumbai with excellent residential and business spaces.",Excellent
"Cuffe Parade",51923.10,4.7,"A luxurious area with high-end apartments and stunning sea views.",Marvelous
Kamathipura,28089.90,3.2,"A historic locality undergoing redevelopment with better housing projects.",Good
Bhangarwadi,4154.30,3.2,"A small locality with affordable housing but limited infrastructure.",Good
Karanjade,6765.06,3.5,"A developing residential area in Navi Mumbai with budget housing.",Good
Mandvi,20370.40,3.2,"A commercial hub with industrial and business growth.",Good
"Bhayandar East",9976.41,3.8,"A suburban locality with good connectivity and growing residential projects.",Good
"Bhayandar West",9854.55,3.9,"A well-developed suburb with residential and commercial growth.",Good
"Vikhroli West",14130.40,3.8,"A growing locality with metro access and improving infrastructure.",Good
Agripada,16455.70,3.8,"A centrally located area in Mumbai with good connectivity.",Good
Sewri,26000.00,3.7,"A rapidly developing area with upcoming residential and business hubs.",Good
Byculla,21818.20,4.0,"A historic area with heritage buildings and strong connectivity.",Excellent
"Mumbai Central",29666.67,4.3,"A prime commercial and residential hub with excellent transport links.",Excellent
Palava,6698.19,3.8,"A modern township with planned infrastructure and smart city features.",Good
Deonar,7254.55,3.8,"A developing area with upcoming residential and commercial projects.",Good
"Nilje Gaon",6600.66,3.2,"A growing residential locality with budget housing.",Good
Prabhadevi,46753.20,4.5,"A posh locality with luxury residences and sea views.",Marvelous
Vasind,4403.67,3.0,"An affordable area with green surroundings and growing development.",Good
"Naigaon East",3909.77,3.5,"A budget-friendly residential hub with strong rail connectivity.",Good
"Napeansea Road",57777.80,4.8,"One of Mumbai’s most elite residential areas with stunning views.",Marvelous
Ghodbander,9815.95,3.8,"A fast-developing area in Thane with growing infrastructure.",Good
"Vishnu Nagar",5699.76,3.7,"A peaceful residential area with good social infrastructure.",Good
Koproli,4960.00,3.2,"A developing locality in Navi Mumbai with affordable housing.",Good
Ulhasnagar,8261.99,3.5,"A bustling residential and commercial hub with strong connectivity.",Good
Mumbra,2200.00,3.5,"A growing locality with affordable housing but congested infrastructure.",Good
Mankhurd,11153.80,3.2,"A budget-friendly area with industrial and residential growth.",Good
Wadala,26180.45,4.2,"A prime locality with top-tier residential complexes and metro access.",Excellent
Rohinjan,7657.28,3.0,"A developing locality in Navi Mumbai with affordable homes.",Good
Tardeo,36956.50,4.5,"A luxury residential hub with premium housing options.",Marvelous
Anjurdive,9638.55,3.0,"A small industrial and residential locality with developing infrastructure.",Good
